id,listing_url,country,make,model,variant,full_name,price_eur,price_original_eur,vat_deductible,year,first_registration,mileage_km,previous_owners,condition,fuel_type,power_kw,power_hp,engine_cc,emission_class,co2_emissions,consumption_combined,transmission,gears,drivetrain,body_type,doors,seats,color_exterior,color_interior,features,safety_features,comfort_features,seller_type,seller_name,seller_location,seller_country,image_count,scraped_at,price_per_km,age_years
b3448dba-0a98-445a-961d-7be179ca088d,https://www.autoscout24.it/annunci/b3448dba-0a98-445a-961d-7be179ca088d,it,BMW,320,,BMW 320d Touring Futura TAGLIANDI CERTIFICATI,3500,,False,2004,08-2004,165000,,used,diesel,110,149,1995,,,,manual,,RWD,Station wagon,5,5,,,,,,dealer,,IT-20007 Cornaredo - Milano - MI,IT,10,2026-01-28T19:06:46.447772,0.02,22
de901793-8a38-41e1-924f-38eea4f17be9,https://www.autoscout24.it/annunci/de901793-8a38-41e1-924f-38eea4f17be9,it,Mg,mg3,,MG MG3MG3 1.5 comfort,12500,,False,2025,03-2025,17900,1,used,petrol,75,102,1498,,120,,manual,,FWD,Berlina,5,5,Grigio,,,,,dealer,Nuova Autonord by P Auto,IT-10079 Mappano,IT,8,2026-01-28T19:06:46.447814,0.7,1
b684591e-55ea-4e6f-b6ff-8494f87c4a1b,https://www.autoscout24.it/annunci/b684591e-55ea-4e6f-b6ff-8494f87c4a1b,it,Mazda,cx-30,,Mazda CX-302.0 M-Hybrid Executive 2WD,14900,,False,2023,10-2023,63000,,used,hybrid,90,122,1998,,121,,manual,,FWD,SUV/Fuoristrada/Pick-up,5,5,Nero,,,,,dealer,La Barca Automobili srl,IT-10036 Settimo Torinese - Torino - TO,IT,14,2026-01-28T19:06:46.447846,0.24,3
74a5b779-04ba-4c61-832b-1b694e1a4906,https://www.autoscout24.it/annunci/74a5b779-04ba-4c61-832b-1b694e1a4906,it,BMW,116,,BMW 116Serie 1 E,2450,,False,2010,04-2010,279800,1,used,diesel,85,116,1995,,,,manual,,FWD,Berlina,5,5,Blu/Azzurro,,,,,dealer,Adam Car srls,IT-20093 Cologno Monzese - Milano - MI,IT,12,2026-01-28T19:06:46.447859,0.01,16
63bf5be6-95af-435d-96f7-62ed4dc96127,https://www.autoscout24.it/annunci/63bf5be6-95af-435d-96f7-62ed4dc96127,it,Renault,scenic,,Renault ScenicX-Mod 1.5 dci energy s&s,5500,,False,2014,04-2014,120764,1,used,diesel,81,110,1461,,118,,automatic,,FWD,Monovolume,5,5,Grigio,,,,,dealer,Cld auto srl - Asti,IT-14040 Castelnuovo Calcea - AT,IT,15,2026-01-28T19:06:46.447872,0.05,12
296129c6-79b6-43b9-952a-b10e2cf59afc,https://www.autoscout24.it/annunci/296129c6-79b6-43b9-952a-b10e2cf59afc,it,Citroen,c3,,Citroen C3PureTech,12900,,False,2026,01-2026,7,,new,petrol,54,74,1199,,100,,manual,,FWD,Berlina,5,5,Nero,,,,,dealer,Autobengasi Srl,IT-10126 Torino - TO,IT,8,2026-01-28T19:06:46.447882,1842.86,0
6a31075e-22e0-4e36-a5dd-93aa37ac8045,https://www.autoscout24.it/annunci/6a31075e-22e0-4e36-a5dd-93aa37ac8045,it,Volkswagen,polo,,Volkswagen Polo5p 1.4 tdi Comfortline 75cv,5999,,False,2015,01-2015,169000,,used,diesel,55,75,1422,,,,manual,,Keine Angabe,Berlina,5,5,Tipo di verniceAltro,,,,,dealer,,IT-38122 Trento -TN,IT,11,2026-01-28T19:06:46.447891,0.04,11
1b00456a-c77b-476c-848d-51c001f2855c,https://www.autoscout24.it/annunci/1b00456a-c77b-476c-848d-51c001f2855c,it,Fiat,panda,,Fiat PandaHybrid 1.0 Mild Hybrid 70CV,8790,,False,2023,12-2023,23121,1,used,hybrid,51,70,999,,,,manual,,FWD,City car,5,5,Nero,,,,,dealer,brumbrum,IT-20092 Cinisello Balsamo  - Milano - MI,IT,15,2026-01-28T19:06:46.447899,0.38,3
d0a5c3f0-978c-4196-a793-748b8b9d7e4e,https://www.autoscout24.it/annunci/d0a5c3f0-978c-4196-a793-748b8b9d7e4e,it,Peugeot,208,,Peugeot 208PureTech Active #prezzovero,10990,,False,2023,07-2023,39800,,used,petrol,40,55,1199,,94,,manual,,FWD,Berlina,5,5,Bianco,,,,,dealer,Tecno Trade Srl,IT-30035 Mirano Venezia,IT,12,2026-01-28T19:06:46.447913,0.28,3
289848c3-2411-40c7-b03e-a2e7ee32fa82,https://www.autoscout24.it/annunci/289848c3-2411-40c7-b03e-a2e7ee32fa82,it,Peugeot,208,,Peugeot 2081.2 PureTech Allure,12950,,False,2024,04-2024,20275,1,used,petrol,54,74,1199,,,,automatic,,FWD,Berlina,5,5,Nero,,,,,dealer,Auto Ceriani - Gruppo IVA Spa,IT-20025 Legnano - MI - Milano,IT,11,2026-01-28T19:06:46.447921,0.64,2
85ea588f-055b-4287-9337-dc18fd4fd02d,https://www.autoscout24.it/annunci/85ea588f-055b-4287-9337-dc18fd4fd02d,it,Peugeot,308,,PEUGEOT 308 1.6 HDi 92 CV Active,6500,,False,2014,03-2014,121456,,used,diesel,67,92,1560,,95,,automatic,,FWD,Berlina,5,5,Grigio,,,,,dealer,Nordauto Spa,IT-31044 Montebelluna - Treviso - Tv,IT,19,2026-01-28T19:06:46.447928,0.05,12
01be3c40-631b-4ff7-b89a-d06d944b7d00,https://www.autoscout24.it/annunci/01be3c40-631b-4ff7-b89a-d06d944b7d00,it,Mini,cooper d countryman,,MINI Cooper D CountrymanMini Countryman R60 2.0 auto E6,4550,,False,2014,12-2014,179600,1,used,diesel,82,111,1995,,,,automatic,,FWD,SUV/Fuoristrada/Pick-up,5,5,Bianco,,,,,dealer,Adam Car srls,IT-20093 Cologno Monzese - Milano - MI,IT,14,2026-01-28T19:06:46.447937,0.03,12
ca13f55e-fb40-4adb-ba8d-c2df865d57de,https://www.autoscout24.it/annunci/ca13f55e-fb40-4adb-ba8d-c2df865d57de,it,Mitsubishi,outlander,,Mitsubishi OutlanderOutlander II 2007 2.2 di-d Instyle,3500,,False,2010,06-2010,205200,1,used,diesel,115,156,2179,,,,manual,,AWD,SUV/Fuoristrada/Pick-up,5,7,Rosso,,,,,dealer,L'Automobile,IT-28078 Romagnano Sesia - Novara - No,IT,8,2026-01-28T19:06:46.447981,0.02,16
bbf9aa79-2a51-4cdb-b6d5-806693a41ceb,https://www.autoscout24.it/annunci/bbf9aa79-2a51-4cdb-b6d5-806693a41ceb,it,Citroen,c3,,Citroen C31.2 Turbo 100 cv  Plus,13900,,False,2025,01-2025,18700,,used,petrol,73,100,,,,,,,,,,,,,,,,dealer,Autoelier srl,IT-10030 Rondissone - Torino,,22,2026-01-28T19:06:46.447990,0.74,1
227ea97f-0407-41f0-a557-3c032fc0c633,https://www.autoscout24.it/annunci/227ea97f-0407-41f0-a557-3c032fc0c633,it,Alfa Romeo,mito,,Alfa Romeo MiToMiTo 2013 1.3 jtdm Super 95cv E6,6990,,False,2017,04-2017,130100,2,used,diesel,69,95,1248,,100,,manual,,FWD,Berlina,3,4,Rosso,,,,,dealer,Luxury Car Competition srls,IT-42124 Reggio Emilia - RE,IT,18,2026-01-28T19:06:46.448014,0.05,9
6879f59a-b3c9-4b1f-8044-ea6cb7a96182,https://www.autoscout24.it/annunci/6879f59a-b3c9-4b1f-8044-ea6cb7a96182,it,Volvo,v40,,Volvo V40V40 D2 BUSINESS AUTOCARRO N1,8150,,False,2016,07-2016,112906,1,used,diesel,88,119,1969,,89,,manual,,FWD,Berlina,5,5,Nero,,,,,dealer,Autodoc s.r.l.,IT-24060 Villongo - Bergamo,IT,19,2026-01-28T19:06:46.448021,0.07,10
3ee672af-fe66-4191-b510-4585dcfeac35,https://www.autoscout24.it/annunci/3ee672af-fe66-4191-b510-4585dcfeac35,it,Volvo,v40,,Volvo V40V40 II 2012 2.0 d2 Inscription my18,3890,,False,2017,10-2017,301254,,used,diesel,88,119,1969,,,,manual,,FWD,Berlina,5,5,Bianco,,,,,dealer,Moto Export di Vittorio Coppolino,IT-20841 Carate Brianza - Monza Brianza - MB,IT,13,2026-01-28T19:06:46.448045,0.01,9
0f61a172-ba60-4820-abb0-71149ee5f3cf,https://www.autoscout24.it/annunci/0f61a172-ba60-4820-abb0-71149ee5f3cf,it,Citroen,c3,,Citroen C3C3 1.1 Neopatentati Euro 5,4950,,False,2011,09-2011,79000,,used,petrol,44,59,1124,,137,,manual,,FWD,Berlina,5,5,Bianco,,,,,dealer,AM Solution,IT-20158 Milano - MI,IT,11,2026-01-28T19:06:46.448053,0.06,15
2d028cce-0df8-40ed-bae6-f51099c56ac3,https://www.autoscout24.it/annunci/2d028cce-0df8-40ed-bae6-f51099c56ac3,it,Renault,twingo,,Renault TwingoTWINGO 1.2 GPL BENZ OTTIME CONDIZIONI,1300,,False,2002,06-2002,300000,,used,petrol,43,58,,,,,manual,,FWD,City car,,,Tipo di verniceAltroMaterialeAltro,,,,,dealer,Italvia Automobili Due Srl,IT-00142 Roma - Rm,IT,13,2026-01-28T19:06:46.448061,0.0,24
fa30dd3c-c4be-4d6a-8537-bd693d2409c4,https://www.autoscout24.it/annunci/fa30dd3c-c4be-4d6a-8537-bd693d2409c4,it,Citroen,c3,,Citroen C3Pluriel 1.4 HDi 70CV CLIMA,1500,,False,2007,07-2007,224000,,used,diesel,51,70,1398,,125,,manual,,FWD,Cabrio,3,4,Nero,,,,,dealer,Dt Motori Srl,IT-23900 Lecco,IT,14,2026-01-28T19:06:46.448068,0.01,19
618e4313-b345-437a-a5f0-8965a06b1539,https://www.autoscout24.it/annunci/618e4313-b345-437a-a5f0-8965a06b1539,it,Toyota,aygo,,Toyota Aygo1.0 5 PORTE-CLIMATIZZATORE,2990,,False,2007,10-2007,150000,,used,petrol,50,68,998,,109,,manual,,FWD,City car,5,4,Nero,,,,,dealer,Dt Motori Srl,IT-23900 Lecco,IT,14,2026-01-28T19:06:46.448076,0.02,19
b9020bce-269e-4a2c-aa85-b73633bab914,https://www.autoscout24.it/annunci/b9020bce-269e-4a2c-aa85-b73633bab914,it,Mercedes-Benz,ml 350,,Mercedes-Benz ML 350CDI Premium,6980,,False,2005,07-2005,155000,1,used,diesel,170,231,,,,,automatic,,AWD,SUV/Fuoristrada/Pick-up,5,5,Nero,,,,,dealer,Ice Car Srl,IT-00128 Roma,IT,19,2026-01-28T19:06:46.448083,0.05,21
ddb5a08d-b7c5-49a1-bbb6-dac3778bf3f8,https://www.autoscout24.it/annunci/ddb5a08d-b7c5-49a1-bbb6-dac3778bf3f8,it,Renault,clio,,Renault Clio5p 1.5 dci Live 75cv,5000,,False,2014,02-2014,149000,,used,diesel,55,75,1461,,,,manual,,"€ 0,-",Berlina,5,5,Tipo di verniceAltro,,,,,dealer,,IT-38122 Trento -TN,IT,7,2026-01-28T19:06:46.448090,0.03,12
bfe559de-28db-4fed-9043-d9406bdc4fe2,https://www.autoscout24.it/annunci/bfe559de-28db-4fed-9043-d9406bdc4fe2,it,Audi,a3,,Audi A3A3 SPB 1.6 TDI,9900,,False,2014,10-2014,148000,,used,diesel,81,110,1598,,99,,automatic,,FWD,Berlina,5,5,Nero,,,,,dealer,Stockcar S.R.L.,IT-33019 Tricesimo - Ud,IT,12,2026-01-28T19:06:46.448098,0.07,12
8ddcbf89-5e68-4265-a851-8ab25bb3158a,https://www.autoscout24.it/annunci/8ddcbf89-5e68-4265-a851-8ab25bb3158a,it,Mg,zs,,MG ZS1.5 VTi-tech ComfortAziendale pari al nuovo!,13900,,False,2024,06-2024,11665,1,used,petrol,57,78,1498,,140,,manual,,FWD,SUV/Fuoristrada/Pick-up,5,5,Bianco,,,,,dealer,Panoramauto Torino srl,IT-10156 Torino - To,IT,15,2026-01-28T19:06:46.448105,1.19,2
823a3a7d-06f5-4ea8-8d08-6409b56ce95f,https://www.autoscout24.it/annunci/823a3a7d-06f5-4ea8-8d08-6409b56ce95f,it,Audi,a5,,Audi A5Audi A5 2.0 TDI F.AP. quattro Ambition 170cv Unic,7900,,False,2010,03-2010,196000,1,used,diesel,124,170,1968,,144,,manual,,AWD,Coupé,2,4,Nero,,,,,dealer,MS Automobili Srl,IT-10143 Torino - To,IT,19,2026-01-28T19:06:46.448113,0.04,16
880bd734-a6b5-4970-89cf-dfcffb289ba4,https://www.autoscout24.it/annunci/880bd734-a6b5-4970-89cf-dfcffb289ba4,it,Skoda,karoq,,Skoda Karoq1.0 TSI Style*FORMULA S,11900,,False,2018,02-2018,92000,2,used,petrol,85,115,999,,121,,manual,,FWD,SUV/Fuoristrada/Pick-up,5,5,Bianco,,,,,dealer,The Seller di Maritano Matteo,IT-10093 Collegno - To,IT,15,2026-01-28T19:06:46.448120,0.13,8
7a9235ca-bb32-4047-9fc8-b3f2bbe247a9,https://www.autoscout24.it/annunci/7a9235ca-bb32-4047-9fc8-b3f2bbe247a9,it,Opel,astra,,Opel AstraAstra Sports Tourer 1.6 cdti Cosmo s,3950,,False,2016,03-2016,219900,1,used,diesel,81,110,1598,,,,automatic,,FWD,Station wagon,5,5,Grigio,,,,,dealer,Adam Car srls,IT-20093 Cologno Monzese - Milano - MI,IT,13,2026-01-28T19:06:46.448128,0.02,10
7cc0b418-eb6c-4e5e-a061-9c709b5c9d61,https://www.autoscout24.it/annunci/7cc0b418-eb6c-4e5e-a061-9c709b5c9d61,it,Ford,ecosport,,Ford EcoSport1.5 Titanium 110cv X NEOPATENTATI,8990,,False,2017,06-2017,66800,1,used,petrol,80,110,1499,,110,,07/2025,0,FWD,SUV/Fuoristrada/Pick-up,5,5,Blu/Azzurro,,,,,dealer,Giulio Feroleto,IT-20062 Cassano d'Adda - Milano -  MI,IT,28,2026-01-28T19:06:46.448135,0.13,9
fd250e5e-4ed8-46ed-ac24-4f22aa7b3101,https://www.autoscout24.it/annunci/fd250e5e-4ed8-46ed-ac24-4f22aa7b3101,it,Mercedes-Benz,a 160,,Mercedes-Benz A 160CDI Avantgarde,1990,,False,2007,05-2007,151526,,used,diesel,60,81,1991,,128,,manual,,FWD,Berlina,5,5,Blu/Azzurro,,,,,dealer,Auto7 srl,IT-20045 Lainate - Mi,IT,15,2026-01-28T19:06:46.448143,0.01,19
d62f15c4-5f8d-4f9a-9bb0-0ba02ced9f55,https://www.autoscout24.it/annunci/d62f15c4-5f8d-4f9a-9bb0-0ba02ced9f55,it,Alfa Romeo,giulia,,Alfa Romeo Giulia2.2 t Super 180cv auto,12900,,False,2017,09-2017,156000,1,used,diesel,132,180,2143,,,,automatic,,Keine Angabe,Berlina,4,5,Rosso,,,,,dealer,Motor Bologna Srl,IT-40051 Altedo - Bologna -  Bo,IT,16,2026-01-28T19:06:46.448150,0.08,9
96bafec9-968b-4725-8f1a-73d7b2d8ac77,https://www.autoscout24.it/annunci/96bafec9-968b-4725-8f1a-73d7b2d8ac77,it,Renault,clio,,Renault Clio5p 1.5 dci Energy 75cv E6,5300,,False,2016,01-2016,189000,1,used,diesel,55,75,1461,,,,automatic,,FWD,Berlina,5,5,Bianco,,,,,dealer,Star-Benz srls,IT-25030 Torbole Casaglia,IT,14,2026-01-28T19:06:46.448158,0.03,10
d3f634be-3e65-446c-9e3e-2cd60401410e,https://www.autoscout24.it/annunci/d3f634be-3e65-446c-9e3e-2cd60401410e,it,Opel,corsa,,Opel CorsaCORSA 1.2 100CV GS,13890,,False,2025,01-2025,15971,,used,petrol,73,100,1199,,0,,manual,,FWD,City car,5,5,Nero,,,,,dealer,Degiorgi la tua auto,IT-27058 Voghera - Pavia - Pv,IT,36,2026-01-28T19:06:46.448166,0.87,1
23d09ffd-09d9-4b5e-a99c-96b843dbe860,https://www.autoscout24.it/annunci/23d09ffd-09d9-4b5e-a99c-96b843dbe860,it,Mg,zs,,MG ZS1.5 VTi-tech Luxury PREZZO REALE !!!!,8900,,False,2023,06-2023,152000,,used,petrol,57,78,1498,,140,,manual,,FWD,SUV/Fuoristrada/Pick-up,5,5,Nero,,,,,dealer,GpMotors Auto Srl,IT-00054 Fiumicino – Roma –Rm,IT,13,2026-01-28T19:06:46.448181,0.06,3
473bdc2a-7b23-4a3d-a2c0-2cb5d3cfa3cb,https://www.autoscout24.it/annunci/473bdc2a-7b23-4a3d-a2c0-2cb5d3cfa3cb,it,Fiat,panda,,Fiat Panda1.0 firefly hybrid *PREZZO REALE NO VINCOLI,8900,,False,2023,05-2023,44763,1,used,hybrid,51,69,999,,1,,manual,,FWD,City car,5,5,Grigio,,,,,dealer,Achille Car srl,IT-20215 Milano,IT,24,2026-01-28T19:06:46.448189,0.2,3
92e91b2c-ab8c-4858-9b4f-0f39afdb922a,https://www.autoscout24.it/annunci/92e91b2c-ab8c-4858-9b4f-0f39afdb922a,it,Fiat,panda,,Fiat Panda1.2  Lounge,7200,,False,2018,10-2018,77900,,used,petrol,51,69,1242,,,,automatic,,FWD,Berlina,5,4,Blu/Azzurro,,,,,dealer,Zatti Top Class Srl,IT-42124 Reggio Emilia - RE,IT,18,2026-01-28T19:06:46.448205,0.09,8
2d11e0e3-b55f-4f24-98cc-b21d64e82b43,https://www.autoscout24.it/annunci/2d11e0e3-b55f-4f24-98cc-b21d64e82b43,it,Fiat,panda,,Fiat Panda1.0 Firefly Hybrid 70CV,9838,,False,2025,03-2025,10117,,used,hybrid,51,70,999,,0,,automatic,,FWD,City car,5,4,Rosso,,,,,dealer,Ns3 Srl,IT-20821 Meda - Monza Brianza - Mb,IT,19,2026-01-28T19:06:46.448212,0.97,1
af9f2ae1-ce26-4a91-9e05-940e4a21dcf8,https://www.autoscout24.it/annunci/af9f2ae1-ce26-4a91-9e05-940e4a21dcf8,it,Renault,clio,,Renault ClioBlue dCi 100 CV Evolution AUTOCARRO N1,10690,,False,2022,11-2022,108000,1,used,diesel,73,100,1461,,91,,manual,,FWD,Berlina,5,5,Nero,,,,,dealer,M.f. Motors Srl,IT-20141 Milano,IT,15,2026-01-28T19:06:46.448220,0.1,4
bc1985ef-cee7-4b37-b5dc-080d9a4886a4,https://www.autoscout24.it/annunci/bc1985ef-cee7-4b37-b5dc-080d9a4886a4,it,Fiat,panda,,Fiat PandaPanda III 2021 Cross 1.0 firefly hybrid Cross s,10700,,False,2024,02-2024,39000,1,used,hybrid,48,65,999,,,,automatic,,FWD,City car,5,5,Verde,,,,,dealer,Gemini Cars,IT-21100 Varese - VA,IT,14,2026-01-28T19:06:46.448227,0.27,2
53a0cc5a-6cfd-439f-b9b6-6b46f5dea110,https://www.autoscout24.it/annunci/53a0cc5a-6cfd-439f-b9b6-6b46f5dea110,it,Skoda,kamiq,,Skoda Kamiq1.0 TSI Ambition,15500,,False,2024,03-2024,15031,,used,petrol,70,95,999,,,,automatic,,FWD,SUV/Fuoristrada/Pick-up,5,5,Grigio,,,,,dealer,Resicar Spa,IT-28040 Paruzzaro - NO,IT,15,2026-01-28T19:06:46.448236,1.03,2
a45fca0d-e71e-4efa-9895-49cb2dfebc8c,https://www.autoscout24.it/annunci/a45fca0d-e71e-4efa-9895-49cb2dfebc8c,it,Renault,clio,,Renault ClioClio IV 2017  Sporter 1.5 dci Moschino Intens,5999,,False,2019,02-2019,160000,1,used,diesel,66,90,1461,,,,automatic,,"€ 150,-",Station wagon,5,5,Nero,,,,,dealer,,IT-41122 Modena - MO,IT,16,2026-01-28T19:06:46.448243,0.04,7
c17e433d-1b60-4e84-8057-e7192f27a80e,https://www.autoscout24.it/annunci/c17e433d-1b60-4e84-8057-e7192f27a80e,it,Ford,focus,,Ford Focus1.0 ecoboost hybrid ST-Line 125cv,13900,,False,2023,05-2023,88000,,used,hybrid,91,125,999,,,,manual,,FWD,Berlina,5,5,Grigio,,,,,dealer,La Barca Automobili srl,IT-10036 Settimo Torinese - Torino - TO,IT,14,2026-01-28T19:06:46.448251,0.16,3
ffc553fa-d67b-418b-9d9d-fe1c234f3d73,https://www.autoscout24.it/annunci/ffc553fa-d67b-418b-9d9d-fe1c234f3d73,it,Mercedes-Benz,gla 180,,Mercedes-Benz GLA 180d EXECUTIVE,11900,,False,2017,07-2017,158570,2,used,diesel,80,108,1461,,105,,manual,,FWD,SUV/Fuoristrada/Pick-up,5,5,Nero,,,,,dealer,Vicenza Star Srl,IT-36077 Altavilla Vicentina - Vicenza - Vi,IT,15,2026-01-28T19:06:46.448259,0.08,9
c6d2b601-0cd3-4884-9c71-0d2a11c3bff5,https://www.autoscout24.it/annunci/c6d2b601-0cd3-4884-9c71-0d2a11c3bff5,it,Toyota,yaris,,Toyota YarisYaris 1.0 5 porte Active ** GPL ** ** OFFERTA,4500,,False,2015,06-2015,220000,,used,petrol,51,69,998,,99,,manual,,FWD,Berlina,5,5,Grigio,,,,,dealer,Mantovani Srl,IT-06083 Ospedalicchio - Perugia - Pg,IT,19,2026-01-28T19:06:46.448267,0.02,11
452024c8-f23f-47d6-a7e7-f82448acb737,https://www.autoscout24.it/annunci/452024c8-f23f-47d6-a7e7-f82448acb737,it,Peugeot,208,,Peugeot 2085 Porte 1.2 PureTech Allure,12450,,False,2023,05-2023,22869,1,used,petrol,54,74,1199,,,,automatic,,FWD,Berlina,5,5,Nero,,,,,dealer,Auto Ceriani - Gruppo IVA Spa,IT-20025 Legnano - MI - Milano,IT,12,2026-01-28T19:06:46.448274,0.54,3
520cb3b1-5855-4988-8289-63ea2ffe9f6a,https://www.autoscout24.it/annunci/520cb3b1-5855-4988-8289-63ea2ffe9f6a,it,Fiat,panda,,Fiat Panda1.2 4x4 Climbing PRONTA CONSEGNA,3990,,False,2005,01-2005,129000,,used,petrol,44,59,1242,,156,,manual,,AWD,Berlina,5,4,Blu/Azzurro,,,,,dealer,Dt Motori Srl,IT-23900 Lecco,IT,14,2026-01-28T19:06:46.448283,0.03,21
9389c573-9dfe-4437-adfc-6486f4e65f3a,https://www.autoscout24.it/annunci/9389c573-9dfe-4437-adfc-6486f4e65f3a,it,Renault,clio,,Renault Clio1.5 BlueDCI 100CV Business,9897,,False,2021,11-2021,73012,,used,diesel,73,100,1461,,0,,automatic,,FWD,Berlina,5,5,Grigio,,,,,dealer,Ns3 Srl,IT-20821 Meda - Monza Brianza - Mb,IT,30,2026-01-28T19:06:46.448298,0.14,5
e921bd34-5f51-4c54-a006-a81b2712bb9c,https://www.autoscout24.it/annunci/e921bd34-5f51-4c54-a006-a81b2712bb9c,it,Renault,clio,,Renault Clio1.5 dci - NEOPATENTATI - 12 MESI DI GARANZIA -,2900,,False,2010,09-2010,180000,1,used,diesel,50,68,1461,,,,manual,,"€ 0,-",Berlina,5,5,Bianco,,,,,dealer,,IT-40050 Argelato - Bo,IT,9,2026-01-28T19:06:46.448306,0.02,16
1f1c3007-2e5c-4d5a-9e28-bc307f772fdb,https://www.autoscout24.it/annunci/1f1c3007-2e5c-4d5a-9e28-bc307f772fdb,it,Opel,corsa,,Opel Corsa3p 1.3 cdti b-Color s***UNICOPROPIETARIO,6700,,False,2017,07-2017,120000,1,used,diesel,70,95,1248,,,,manual,,FWD,Berlina,3,5,Grigio,,,,,dealer,Autoverbano di Cisternino Mattia,IT-20081 Abbiategrasso -  MI,IT,12,2026-01-28T19:06:46.448314,0.06,9
c0826b19-308e-46ce-9fc4-b6ba47888ca3,https://www.autoscout24.it/annunci/c0826b19-308e-46ce-9fc4-b6ba47888ca3,it,Citroen,c3,,Citroen C31.2 PURETECH 83CV FEEL BUSINESS,8980,,False,2022,03-2022,39908,,used,petrol,61,83,1199,,0,,manual,,FWD,Berlina,5,5,Bianco,,,,,dealer,Automilano srl,IT-20087 Robecco Sul Naviglio - Milano - Mi,IT,2,2026-01-28T19:06:46.448322,0.23,4
bb24557f-4544-4733-b028-23cf537e28fe,https://www.autoscout24.it/annunci/bb24557f-4544-4733-b028-23cf537e28fe,it,Alfa Romeo,stelvio,,Alfa Romeo StelvioStelvio 2.2 Turbodiesel 190 CV AT8 Q4,20900,,False,2019,09-2019,86000,,used,diesel,139,190,2143,,147,,automatic,,AWD,SUV/Fuoristrada/Pick-up,5,5,Nero,,,,,dealer,Alusolution car srl,IT-25038 Rovato - Brescia - BS,IT,23,2026-01-28T19:06:46.448330,0.24,7
02c427a7-3036-4352-8238-a5b28689aed0,https://www.autoscout24.it/annunci/02c427a7-3036-4352-8238-a5b28689aed0,it,Dacia,spring,,Dacia SpringComfort Electric 45,6900,,False,2021,06-2021,35981,,used,electric,18,24,,,0,,automatic,,FWD,Berlina,5,4,Bianco,,,,,dealer,Borsoi,IT-30170 Mestre - Venezia - Ve,IT,28,2026-01-28T19:06:46.448337,0.19,5
08eb9e85-0207-4d1e-b425-c5d35d668569,https://www.autoscout24.it/annunci/08eb9e85-0207-4d1e-b425-c5d35d668569,it,Mercedes-Benz,a 180,,Mercedes-Benz A 180cdi Sport auto,8300,,False,2015,03-2015,224000,,used,diesel,80,108,1461,,,,automatic,,Keine Angabe,Berlina,5,5,Bianco,,,,,dealer,Suv&City Car,IT-24040 Lallio - Bergamo - BG,IT,13,2026-01-28T19:06:46.448352,0.04,11
24123ed2-b335-45a4-8a9f-8bb863b4c0f6,https://www.autoscout24.it/annunci/24123ed2-b335-45a4-8a9f-8bb863b4c0f6,it,Citroen,c3,,Citroen C3C3 IV 1.2 puretech turbo You Pack Plus 100cv s,14890,,False,2025,02-2025,10358,1,used,petrol,73,100,1199,,112,,manual,,FWD,SUV/Fuoristrada/Pick-up,5,5,Nero,,,,,dealer,Ke Auto Srl,IT-24030 Mozzo - Bergamo,IT,29,2026-01-28T19:06:46.448372,1.44,1
7644b083-c8f8-42eb-87a9-30ae1cb436c4,https://www.autoscout24.it/annunci/7644b083-c8f8-42eb-87a9-30ae1cb436c4,it,Opel,zafira tourer,,Opel Zafira Tourer2.0 cdti Cosmo 110cv 7 POSTI,6000,,False,2012,01-2012,125000,1,used,diesel,80,110,1956,,137,,manual,,FWD,Monovolume,5,7,Grigio,,,,,dealer,Giulio Feroleto,IT-20062 Cassano d'Adda - Milano -  MI,IT,21,2026-01-28T19:06:46.448380,0.05,14
b7b5d647-6827-44eb-a899-e2e346b5f868,https://www.autoscout24.it/annunci/b7b5d647-6827-44eb-a899-e2e346b5f868,it,Mercedes-Benz,a 160,,Mercedes-Benz A 160Classe A - W176 cdi Executive E6,9900,,False,2015,06-2015,165000,1,used,diesel,66,89,1461,,,,01/2026,0,Keine Angabe,Berlina,5,5,Nero,,,,,dealer,Jd Logistica Srls,IT-55016 Porcari - Lucca - LU,IT,5,2026-01-28T19:06:46.448388,0.06,11
49e15229-6f13-4391-80a5-5f2fd98c1059,https://www.autoscout24.it/annunci/49e15229-6f13-4391-80a5-5f2fd98c1059,it,Toyota,yaris,,Toyota YarisYaris IV 2020 1.0 Active,13400,,False,2020,11-2020,17300,1,used,petrol,53,72,998,,,,automatic,,FWD,Berlina,5,5,Rosso,,,,,dealer,Milanocar srl,IT-20090 Opera - Milano - MI,IT,12,2026-01-28T19:06:46.448396,0.77,6
a2b36694-2b20-44a0-8919-0a01dda24221,https://www.autoscout24.it/annunci/a2b36694-2b20-44a0-8919-0a01dda24221,it,Seat,ibiza,,SEAT IbizaIbiza Berlina 5p 1.0 Connect 75cv GRANDINATA,6200,,False,2017,06-2017,99000,,used,petrol,55,75,999,,,,manual,,Keine Angabe,Berlina,5,5,Bianco,,,,,dealer,Monicar Srl - vendita & assistenza dal 1985,IT-21030 Marchirolo - Varese - Va,IT,13,2026-01-28T19:06:46.448410,0.06,9
5e8a07a8-9359-4aac-8f08-408dd6fc530a,https://www.autoscout24.it/annunci/5e8a07a8-9359-4aac-8f08-408dd6fc530a,it,Fiat,500l,,Fiat 500LLiving 1.6 MJT 105 CV Lounge DISTRIBUZIONE FATTA A,4900,,False,2014,02-2014,205800,,used,diesel,77,105,1598,,117,,automatic,,FWD,Monovolume,5,5,Bianco,,,,,dealer,,IT-40043 Marzabotto - Bologna,IT,17,2026-01-28T19:06:46.448425,0.02,12
f867801e-2ce9-4594-946c-ce66463335c5,https://www.autoscout24.it/annunci/f867801e-2ce9-4594-946c-ce66463335c5,it,Fiat,500,,Fiat 5001.0 hybrid Dolcevita 70cv,9990,,False,2023,03-2023,53954,,used,hybrid,51,70,999,,104,,automatic,,Keine Angabe,City car,3,4,Grigio,,,,,dealer,Fratelli Leone Srl,IT-10024 Moncalieri - Torino - To,IT,14,2026-01-28T19:06:46.448432,0.19,3
812cc525-582c-41b7-829f-1ec83f4ba2fe,https://www.autoscout24.it/annunci/812cc525-582c-41b7-829f-1ec83f4ba2fe,it,Mercedes-Benz,a 200,,Mercedes-Benz A 200A 200 D Sport *PROMO FINANZIAMENTO,12900,,False,2016,09-2016,138000,1,used,diesel,100,136,2143,,0,,manual,,FWD,Berlina,,,Grigio,,,,,dealer,TuaCar Rivoli,IT-10098 Rivoli - Torino - TO,IT,25,2026-01-28T19:06:46.448440,0.09,10
dc24c68e-4b2f-49d4-b1b6-5671653170a2,https://www.autoscout24.it/annunci/dc24c68e-4b2f-49d4-b1b6-5671653170a2,it,Fiat,600,,FIAT 600 climatizzata,2700,,False,2008,09-2008,75000,1,used,petrol,40,54,1108,,,,07/2019,0,FWD,City car,3,4,Nero,,,,,dealer,Losacar di Mauro Losapio,IT-20093 Cologno Monzese MI,IT,14,2026-01-28T19:06:46.448447,0.04,18
2703a9b4-36f3-41bf-ba50-5c572bbdf879,https://www.autoscout24.it/annunci/2703a9b4-36f3-41bf-ba50-5c572bbdf879,it,Fiat,500,,Fiat 500Benzina Neopatentati Tetto Panoramico,4500,,False,2010,09-2010,168000,,used,petrol,51,69,1242,,,,manual,,Keine Angabe,City car,3,4,Tipo di verniceMetallizzato,,,,,dealer,Ad Motors Milano di Alessandro Di Modica,IT-20018 Sedriano MI,IT,16,2026-01-28T19:06:46.448454,0.03,16
538f0f3c-1373-4f67-ae53-437a14cae7f5,https://www.autoscout24.it/annunci/538f0f3c-1373-4f67-ae53-437a14cae7f5,it,Fiat,500,,FIAT 500C 1.3 mjt 16v Lounge 75cv,5099,,False,2010,12-2010,124000,,used,diesel,55,75,1248,,,,automatic,,FWD,Cabrio,3,4,,,,,,dealer,Hz Motors srls,IT-24033 Calusco D'Adda - Bergamo - BG,IT,8,2026-01-28T19:06:46.448461,0.04,16
b9dea7ce-52d4-47d0-93cd-19af93fa8834,https://www.autoscout24.it/annunci/b9dea7ce-52d4-47d0-93cd-19af93fa8834,it,Hyundai,i10,,Hyundai i10PE MY25 5P 1.0 CONNECTLINE CON ROTTAMAZIONE,12950,,False,2026,01-2026,10,,new,petrol,46,62,998,,,,manual,,FWD,Berlina,,5,Blu/Azzurro,,,,,dealer,Nuova AutoAlpina Torino,IT-10155 Torino-TO,IT,21,2026-01-28T19:06:46.448469,1295.0,0
2fef8261-406b-4728-9fca-5bc08ebadb03,https://www.autoscout24.it/annunci/2fef8261-406b-4728-9fca-5bc08ebadb03,it,Ford,fiesta,,Ford Fiesta5p 1.5 tdci Titanium 75cv,6900,,False,2015,02-2015,121503,1,used,diesel,55,75,1498,,98,,manual,,FWD,Berlina,5,5,Blu/Azzurro,,,,,dealer,Stracciari Spa,IT-40128 Bologna – Bo,IT,12,2026-01-28T19:06:46.448476,0.06,11
9609f056-368c-4aa9-aa43-38331462a39f,https://www.autoscout24.it/annunci/9609f056-368c-4aa9-aa43-38331462a39f,it,Volkswagen,polo,,Volkswagen Polo1.2 3 porte Trendline,6100,,False,2012,04-2012,98000,,used,petrol,44,59,1198,,128,,automatic,,FWD,City car,3,5,Nero,,,,,dealer,Autobengasi Srl,IT-10126 Torino - TO,IT,7,2026-01-28T19:06:46.448483,0.06,14
6b4fe637-aed1-472b-8f28-aca79e612551,https://www.autoscout24.it/annunci/6b4fe637-aed1-472b-8f28-aca79e612551,it,Audi,a6,,Audi A6Avant 3.0 tdi Business plus quattro 320cv,21800,,False,2016,11-2016,91500,,used,diesel,235,320,2967,,164,,automatic,,AWD,Station wagon,5,5,Verde,,,,,dealer,Motornova S.R.L.,IT-20831 Seregno - MB,IT,29,2026-01-28T19:06:46.448490,0.24,10
9e2e4185-2202-4292-ad5c-715f8f97cab8,https://www.autoscout24.it/annunci/9e2e4185-2202-4292-ad5c-715f8f97cab8,it,Volkswagen,t-roc,,Volkswagen T-Roc1.6 tdi Business UNIPRO-PROMO FINANZIAMENTO,16990,,False,2020,05-2020,65000,1,used,diesel,85,115,1598,,144,,manual,,FWD,SUV/Fuoristrada/Pick-up,5,5,Bianco,,,,,dealer,Ls Car srl,IT-00178 Roma-  RM,IT,14,2026-01-28T19:06:46.448504,0.26,6
ac49250f-439c-49f7-971d-8c84cf637c5f,https://www.autoscout24.it/annunci/ac49250f-439c-49f7-971d-8c84cf637c5f,it,Jaecoo,j5,,Jaecoo J5Jaecoo 5 1.6 TGDI 147 CV aut. Exclusive,25000,,False,,new,10000,,used,petrol,108,147,1600,,222,,semiautomatico,,FWD,SUV/Fuoristrada/Pick-up,5,5,Tipo di verniceAltroMaterialeAltro,,,,,dealer,Gruppo M Srl di Gruppo Morini – T Motor Bologna,IT-40068 San Lazzaro di Savena - BO,IT,12,2026-01-28T19:06:46.448511,2.5,
48ed1df7-069a-4e6c-a044-df73a9b6b220,https://www.autoscout24.it/annunci/48ed1df7-069a-4e6c-a044-df73a9b6b220,it,Dongfeng,shine,,Dongfeng ShineShine ICE E2,16900,,False,,new,10000,,used,petrol,86,116,1500,,162,,automatic,,FWD,Berlina,5,5,Nero,,,,,dealer,Renord Spa,IT-20099 Sesto San Giovanni - Milano - Mi,IT,19,2026-01-28T19:06:46.448518,1.69,
871cbbef-447e-4e45-bed3-c747f1621385,https://www.autoscout24.it/annunci/871cbbef-447e-4e45-bed3-c747f1621385,it,Peugeot,208,,Peugeot 2081.2 100cv Allure +Key Less+Navi+ Camera Ant +,12990,,False,2024,08-2024,14875,2,used,petrol,73,100,1199,,106,,automatic,,FWD,Berlina,5,5,Grigio,,,,,dealer,Autoarancio di Car 4 World,IT-10136 Torino - To,IT,16,2026-01-28T19:06:46.448587,0.87,2
bf177498-7f60-4fb6-b892-53e6a36090ee,https://www.autoscout24.it/annunci/bf177498-7f60-4fb6-b892-53e6a36090ee,it,Volkswagen,polo,,Volkswagen Polo5p 1.4 tdi bm Fresh 90cv,4800,,False,2014,11-2014,267000,,used,diesel,66,90,1422,,,,manual,,FWD,Berlina,5,5,,,,,,dealer,DreamCar srls,IT-27028 San Martino Siccomario -  PV,IT,8,2026-01-28T19:06:46.448595,0.02,12
4b9543ac-d702-419f-96ea-312df0f4eb0a,https://www.autoscout24.it/annunci/4b9543ac-d702-419f-96ea-312df0f4eb0a,it,Fiat,500x,,Fiat 500X500X 1.3 Neopatentati Euro 6,6950,,False,2016,09-2016,189000,,used,diesel,70,95,1248,,107,,manual,,FWD,Station wagon,5,5,Grigio,,,,,dealer,AM Solution,IT-20158 Milano - MI,IT,14,2026-01-28T19:06:46.448602,0.04,10
d368840d-5261-469e-9c22-b8b41e1bbe7f,https://www.autoscout24.it/annunci/d368840d-5261-469e-9c22-b8b41e1bbe7f,it,Peugeot,208,,Peugeot 2081.2 100cv Allure +Key Less+Navi+ Camera Ant +,12490,,False,2024,04-2024,30681,2,used,petrol,73,100,1199,,106,,automatic,,FWD,Berlina,5,5,Nero,,,,,dealer,Autoarancio di Car 4 World,IT-10136 Torino - To,IT,18,2026-01-28T19:06:46.448609,0.41,2
d016194e-5533-4835-8c9e-917e6062600f,https://www.autoscout24.it/annunci/d016194e-5533-4835-8c9e-917e6062600f,it,Citroen,c3,,Citroen C31.2 PureTech C-Series,10950,,False,2023,03-2023,29817,,used,petrol,44,61,1199,,,,automatic,,FWD,Berlina,5,5,Nero,,,,,dealer,Theorema Spa,IT-10141 Torino - To,IT,30,2026-01-28T19:06:46.448616,0.37,3
fcd66853-5b6b-42ee-b5e6-3303757358fe,https://www.autoscout24.it/annunci/fcd66853-5b6b-42ee-b5e6-3303757358fe,it,Mercedes-Benz,cla 180,,Mercedes-Benz CLA 180CLA 180 d Premium,16990,,False,2018,01-2018,129733,,used,diesel,80,108,1461,,98,,manual,,FWD,Berlina,5,5,Bianco,,,,,dealer,,IT-12100 Cuneo - CN,IT,19,2026-01-28T19:06:46.448624,0.13,8
18bd9b0c-a9c7-4e37-92fe-1f125f8fe964,https://www.autoscout24.it/annunci/18bd9b0c-a9c7-4e37-92fe-1f125f8fe964,it,Smart,fortwo,,smart forTwoFortwo 1.0 more - NEOPATENTATI,4500,,False,2011,10-2011,120000,,used,petrol,52,70,999,,,,automatic,,Keine Angabe,City car,2,2,Nero,,,,,dealer,Tescar Srl,IT-45010 Villadose - Rovigo - RO,IT,9,2026-01-28T19:06:46.448631,0.04,15
f13d6e49-1f50-43ac-b067-a32ef687caa2,https://www.autoscout24.it/annunci/f13d6e49-1f50-43ac-b067-a32ef687caa2,it,Lancia,ypsilon,,Lancia YpsilonYpsilon 1.2 UNICO PROPRIETARIO,2999,,False,2007,08-2007,125000,1,used,petrol,32,44,1242,,,,02/2023,0,FWD,Berlina,3,4,Argento,,,,,dealer,Autosi Srl,IT-00062 Bracciano – Roma - Rm,IT,17,2026-01-28T19:06:46.448638,0.02,19
91d76bb0-ecdc-4d2e-8cd4-6b7bbab7f4a4,https://www.autoscout24.it/annunci/91d76bb0-ecdc-4d2e-8cd4-6b7bbab7f4a4,it,Toyota,aygo,,Toyota Aygo5p 1.0 x-black tss m-mt,9800,,False,2017,08-2017,46000,,used,petrol,51,69,998,,,,automatic,,FWD,City car,5,4,,,,,,dealer,,IT-28128 Milano - MI,IT,17,2026-01-28T19:06:46.448646,0.21,9
35a7ab7a-9c59-4337-b392-4b6903ce27a5,https://www.autoscout24.it/annunci/35a7ab7a-9c59-4337-b392-4b6903ce27a5,it,Peugeot,2008,,Peugeot 2008PureTech 100 S&S Allure,14950,,False,2024,02-2024,13881,1,used,petrol,55,75,1199,,,,manual,,FWD,SUV/Fuoristrada/Pick-up,5,5,Rosso,,,,,dealer,Auto Ceriani - Gruppo IVA Spa,IT-20025 Legnano - MI - Milano,IT,26,2026-01-28T19:06:46.448653,1.08,2
b0a39fda-7db8-4022-9e08-0805b0b63c98,https://www.autoscout24.it/annunci/b0a39fda-7db8-4022-9e08-0805b0b63c98,it,Lancia,ypsilon,,Lancia Ypsilon1.0 firefly hybrid Gold *PREZZO REALE NO,9900,,False,2022,06-2022,67655,1,used,hybrid,37,51,999,,1,,manual,,FWD,Berlina,5,4,Nero,,,,,dealer,Achille Car srl,IT-20215 Milano,IT,26,2026-01-28T19:06:46.448660,0.15,4
5ecf1008-a3f4-4202-a6e9-70264a7f0da1,https://www.autoscout24.it/annunci/5ecf1008-a3f4-4202-a6e9-70264a7f0da1,it,Citroen,berlingo,,Citroen Berlingo2ª serie - Berlingo Multispace BlueHDi 100,6900,,False,2016,05-2016,159697,,used,diesel,73,99,1560,,,,manual,,FWD,Monovolume,5,5,Grigio,,,,,dealer,TM Wagen Firenze srl,IT-50142 Firenze - FI,IT,18,2026-01-28T19:06:46.448668,0.04,10
ecb4f377-29c0-447d-9a8c-3a030c273fe4,https://www.autoscout24.it/annunci/ecb4f377-29c0-447d-9a8c-3a030c273fe4,it,Ford,ecosport,,Ford EcoSport- 1.5 TDCi 95 CV Plus,7900,,False,2017,11-2017,126544,1,used,diesel,69,95,1499,,,,manual,,FWD,SUV/Fuoristrada/Pick-up,5,5,Argento,,,,,dealer,TM Wagen Firenze srl,IT-50142 Firenze - FI,IT,18,2026-01-28T19:06:46.448675,0.06,9
1b015d11-8a39-4900-b371-b6ca7b95e017,https://www.autoscout24.it/annunci/1b015d11-8a39-4900-b371-b6ca7b95e017,it,Opel,corsa,,Opel CorsaEdition 1.2 Benzina 75CV,9290,,False,2022,06-2022,27915,1,used,petrol,55,75,1199,,93,,manual,,FWD,City car,5,5,Grigio,,,,,dealer,brumbrum,IT-20092 Cinisello Balsamo  - Milano - MI,IT,15,2026-01-28T19:06:46.448682,0.33,4
9282194c-b20b-4f35-92d0-b2d2d5cc8398,https://www.autoscout24.it/annunci/9282194c-b20b-4f35-92d0-b2d2d5cc8398,it,Citroen,c3,,Citroen C31.2 PURETECH 83CV FEEL BUSINESS,8490,,False,2022,05-2022,42125,,used,petrol,61,83,1199,,0,,manual,,FWD,Berlina,5,5,Bianco,,,,,dealer,Automilano srl,IT-20087 Robecco Sul Naviglio - Milano - Mi,IT,2,2026-01-28T19:06:46.448690,0.2,4
96d76e32-2b0e-48a5-a5eb-021d551a71ca,https://www.autoscout24.it/annunci/96d76e32-2b0e-48a5-a5eb-021d551a71ca,it,Opel,corsa,,Opel Corsa3p 1.3 cdti b-Color 95cv,3900,,False,2011,11-2011,164000,,used,diesel,69,95,1248,,114,,manual,,FWD,Berlina,3,5,Bianco,,,,,dealer,Egi Automobili srls,IT-10135 Torino - TO,IT,14,2026-01-28T19:06:46.448697,0.02,15
655c48a4-75eb-4926-817d-58c884bc8e58,https://www.autoscout24.it/annunci/655c48a4-75eb-4926-817d-58c884bc8e58,it,Fiat,500x,,Fiat 500XCity Cross 1.4 Multiair,11500,,False,2018,05-2018,58000,1,used,petrol,103,140,1368,,0,,manual,,FWD,Berlina,5,5,Bianco,,,,,dealer,Tuacar Piacenza - Parma - Reggio Emilia,IT-29010 San Nicolò -  Pc,IT,25,2026-01-28T19:06:46.448704,0.2,8
7da0a8d0-762c-44ce-abb1-5f3f06124ceb,https://www.autoscout24.it/annunci/7da0a8d0-762c-44ce-abb1-5f3f06124ceb,it,BMW,420,,BMW 420Gran Coupe xdrive Luxury auto,17400,,False,2016,01-2016,126917,1,used,diesel,140,190,1995,,149,,semiautomatico,,AWD,Coupé,4,5,Nero,,,,,dealer,Panoramauto Torino srl,IT-10156 Torino - To,IT,14,2026-01-28T19:06:46.448712,0.14,10
53690435-5c34-48a0-95dc-2d8b52fddf90,https://www.autoscout24.it/annunci/53690435-5c34-48a0-95dc-2d8b52fddf90,it,Suzuki,swift,,Suzuki Swift1.2 Hybrid Top,13900,,False,2023,02-2023,33000,1,used,hybrid,61,82,1197,,88,,manual,,FWD,Berlina,5,5,Grigio,,,,,dealer,M.f. Motors Srl,IT-20141 Milano,IT,15,2026-01-28T19:06:46.448719,0.42,3
c384bba2-e11d-4f25-9578-a0642b8c074f,https://www.autoscout24.it/annunci/c384bba2-e11d-4f25-9578-a0642b8c074f,it,Peugeot,3008,,Peugeot 30083008 BlueHDi 130 S&S EAT8 Allure Pack,19900,,False,2023,05-2023,71200,,used,diesel,96,130,1499,,104,,automatic,,FWD,SUV/Fuoristrada/Pick-up,5,5,Bianco,,,,,dealer,Car Srl,IT-40131 Bologna - Bo,IT,20,2026-01-28T19:06:46.448727,0.28,3
730967e3-9823-4765-9942-13cefefbf3d9,https://www.autoscout24.it/annunci/730967e3-9823-4765-9942-13cefefbf3d9,it,Opel,corsa,,Opel Corsa1.2 100CV GS AT8  (CAMBIO AUTOMATICO),15990,,False,2025,04-2025,10287,,used,petrol,73,100,1199,,0,,automatic,,FWD,City car,5,5,Nero,,,,,dealer,Degiorgi la tua auto,IT-27058 Voghera - Pavia - Pv,IT,33,2026-01-28T19:06:46.448734,1.55,1
abeea61e-3cf6-4929-846f-962f67c1d173,https://www.autoscout24.it/annunci/abeea61e-3cf6-4929-846f-962f67c1d173,it,Mini,one d countryman,,MINI One D CountrymanMini Countryman R60 1.6,9900,,False,2014,01-2014,55000,,used,diesel,66,89,1598,,,,manual,,FWD,SUV/Fuoristrada/Pick-up,5,5,Argento,,,,,dealer,M.B. Motori Srl,IT-37135 Verona - VR,IT,14,2026-01-28T19:06:46.448741,0.18,12
815417db-771f-4deb-9f16-72f5bd4ad7df,https://www.autoscout24.it/annunci/815417db-771f-4deb-9f16-72f5bd4ad7df,it,Peugeot,3008,,Peugeot 30083008 II 2021 1.5 bluehdi Allure Pack s,16500,,False,2021,04-2021,110000,2,used,diesel,96,130,1499,,128,,automatic,,FWD,SUV/Fuoristrada/Pick-up,5,5,Nero,,,,,dealer,Novicars,IT-10148 Torino,IT,24,2026-01-28T19:06:46.448748,0.15,5
cb88fb77-497b-4dff-a46b-572ff77fee1f,https://www.autoscout24.it/annunci/cb88fb77-497b-4dff-a46b-572ff77fee1f,it,Ds Automobiles,ds 7 crossback,,DS Automobiles DS 7 Crossback1.6 E-TENSE Bastille Business,20990,,False,2023,06-2023,54128,,used,hybrid,133,180,1598,,,,automatic,,FWD,SUV/Fuoristrada/Pick-up,5,5,Grigio,,,,,dealer,Theorema Spa,IT-10141 Torino - To,IT,31,2026-01-28T19:06:46.448756,0.39,3
d1c8c2da-10b7-4dcf-abbf-48098025e04c,https://www.autoscout24.it/annunci/d1c8c2da-10b7-4dcf-abbf-48098025e04c,it,Kia,picanto,,Kia PicantoMY25 1.0 URBAN,12950,,False,2026,01-2026,10,,new,petrol,50,68,999,,,,manual,,FWD,Berlina,,5,Bianco,,,,,dealer,Nuova AutoAlpina Torino,IT-10155 Torino-TO,IT,20,2026-01-28T19:06:46.448763,1295.0,0
a4b2f6fc-53ce-404a-b6b2-32e037d89d8c,https://www.autoscout24.it/annunci/a4b2f6fc-53ce-404a-b6b2-32e037d89d8c,it,Opel,corsa,,Opel CorsaCorsa 1.2 100 CV GS PROMO FLEX,12850,,False,2025,01-2025,23100,,used,petrol,73,100,1199,,96,,manual,,FWD,Berlina,5,5,Tipo di verniceAltroMaterialeAltro,,,,,dealer,Puntocar di Tarantino Andrea - Bricherasio,IT-10060 Bricherasio - Torino - TO,IT,22,2026-01-28T19:06:46.448770,0.56,1
9a0f3986-1d77-40ac-8418-6751e62b1189,https://www.autoscout24.it/annunci/9a0f3986-1d77-40ac-8418-6751e62b1189,it,Toyota,aygo x,,Toyota Aygo XAygo X 1.5 hybrid Icon e-cvt,18900,,False,2026,01-2026,20,,new,hybrid,62,85,1490,,,,automatic,,FWD,City car,5,4,Lilla,,,,,dealer,Autoelier Srl - Sede di Moncalieri,IT-10024 Moncalieri - Torino - TO,IT,14,2026-01-28T19:06:46.448777,945.0,0
6f78e12f-0b02-4710-aeff-f39672a0eb34,https://www.autoscout24.it/annunci/6f78e12f-0b02-4710-aeff-f39672a0eb34,it,Jeep,renegade,,Jeep Renegade1.5 Turbo T4 Mhev 130CV Limited DCT,16997,,False,2024,02-2024,23341,,used,hybrid,95,130,1469,,0,,automatic,,FWD,SUV/Fuoristrada/Pick-up,5,5,Bianco,,,,,dealer,Ns3 Srl,IT-20821 Meda - Monza Brianza - Mb,IT,30,2026-01-28T19:06:46.448785,0.73,2
e8d4819c-3be8-4842-bcda-eb73f0fae9d3,https://www.autoscout24.it/annunci/e8d4819c-3be8-4842-bcda-eb73f0fae9d3,it,Audi,q2,,Audi Q230 TDI S tronic Admired SENZA VINCOLI DI FINANZIAM,19500,,False,2020,01-2020,62600,,used,diesel,85,115,1598,,118,,automatic,,FWD,SUV/Fuoristrada/Pick-up,5,5,Grigio,,,,,dealer,GpMotors Auto Srl,IT-00054 Fiumicino – Roma –Rm,IT,16,2026-01-28T19:06:46.448801,0.31,6
055fb7d6-a992-4d84-8896-c84c308ffcb4,https://www.autoscout24.it/annunci/055fb7d6-a992-4d84-8896-c84c308ffcb4,it,Alfa Romeo,159,,ALFA ROMEO 159 Berlina 2.0 jtdm Distinctive eco 170cv,7990,,False,2010,04-2010,112239,1,used,diesel,124,170,1956,,,,manual,,FWD,Berlina,4,5,Nero,,,,,dealer,Yat srls,IT-25124 Brescia - BS,IT,9,2026-01-28T19:06:46.448809,0.07,16
6f5e3f3e-e93d-4a41-b8e1-73cbee05e6a9,https://www.autoscout24.it/annunci/6f5e3f3e-e93d-4a41-b8e1-73cbee05e6a9,it,Citroen,c3,,Citroen C3C3 PureTech 100 S&S You,14300,,False,2025,11-2025,5,1,new,petrol,54,74,1199,,100,,manual,,FWD,Berlina,5,5,Rosso,,,,,dealer,Carletti Auto srl,IT-41037 Mirandola  -  Modena  - Mo,IT,15,2026-01-28T19:06:46.448816,2860.0,1
a8507ab4-6513-4417-bc1e-4f68bdc31768,https://www.autoscout24.it/annunci/a8507ab4-6513-4417-bc1e-4f68bdc31768,it,Volvo,s60,,Volvo S60S60 1.6 d2 Momentum,8600,,False,2014,03-2014,115085,,used,diesel,84,114,1560,,,,manual,,FWD,Berlina,4,5,Bianco,,,,,dealer,Superti Auto,IT-25020 Dello - Brescia - Bs,IT,24,2026-01-28T19:06:46.448824,0.07,12
1922db37-59d0-437e-91de-56b62954c30e,https://www.autoscout24.it/annunci/1922db37-59d0-437e-91de-56b62954c30e,it,Audi,q3,,Audi Q3S Line Edition 2.0 TDI,17900,,False,2018,01-2018,87500,1,used,diesel,88,119,1968,,0,,manual,,FWD,Berlina,5,5,Nero,,,,,dealer,Tuacar Settimo Torinese,IT-10036 Settimo Torinese - Torino - TO,IT,25,2026-01-28T19:06:46.448832,0.2,8
e93f6ba3-2c37-48f1-8f76-84a36b7e2dcd,https://www.autoscout24.it/annunci/e93f6ba3-2c37-48f1-8f76-84a36b7e2dcd,it,Dacia,sandero,,Dacia SanderoStepway 1.0 tce Comfort 90cv,11900,,False,2022,10-2022,18138,,used,petrol,66,90,999,,119,,manual,,FWD,Berlina,5,5,Tipo di verniceMetallizzatoMaterialeAltro,,,,,dealer,Autostore Torino Srl,IT-10154 Torino - To,IT,15,2026-01-28T19:06:46.448839,0.66,4
4b17d560-4e07-445f-8a63-4f9dd6ea0ba7,https://www.autoscout24.it/annunci/4b17d560-4e07-445f-8a63-4f9dd6ea0ba7,it,Renault,clio,,Renault ClioClio IV 2012 Sporter 1.5 dci costume national,4900,,False,2015,07-2015,190000,1,used,diesel,66,89,1461,,99,,03/2020,0,FWD,Station wagon,5,5,Grigio,,,,,dealer,DDGarage di Davide Dicosola,IT-27028 San Martino Siccomario - Pavia - PV,IT,15,2026-01-28T19:06:46.448846,0.03,11
0c5472ae-8252-4a77-9f75-4b4d37dbbfe4,https://www.autoscout24.it/annunci/0c5472ae-8252-4a77-9f75-4b4d37dbbfe4,it,Jeep,avenger,,Jeep AvengerAvenger 1.2 Turbo 100 CV Summit PROMO FLEX,18990,,False,2025,03-2025,17488,,used,petrol,73,100,1199,,128,,manual,,FWD,SUV/Fuoristrada/Pick-up,5,5,Beige,,,,,dealer,PuntoCar  Automobili,IT-10060 Frossasco - To,IT,21,2026-01-28T19:06:46.448853,1.09,1
6602b836-89b8-44ec-abc4-3bff1f29ed4f,https://www.autoscout24.it/annunci/6602b836-89b8-44ec-abc4-3bff1f29ed4f,it,Toyota,avensis,,Toyota AvensisAvensis Wagon 2.2 d-cat Sol Plus auto,3000,,False,2009,04-2009,250000,2,used,diesel,110,149,2231,,174,,automatic,,FWD,Station wagon,5,5,Argento,,,,,dealer,Autolupo Srl,IT-12051 Alba,IT,15,2026-01-28T19:06:46.448860,0.01,17
d800b6dd-6192-44ee-a52e-3dea1f2c919a,https://www.autoscout24.it/annunci/d800b6dd-6192-44ee-a52e-3dea1f2c919a,it,Mahindra,xuv500,,Mahindra XUV500XUV500 2.2 16V AWD W10,12490,,False,2020,12-2020,66000,1,used,diesel,103,140,2179,,190,,manual,,AWD,SUV/Fuoristrada/Pick-up,5,7,Bianco,,,,,dealer,,IT-20861 Brugherio - Monza Brianza - MB,IT,13,2026-01-28T19:06:46.448867,0.19,6
59b05a80-5ae8-42e9-9bb4-3d9e7a420d0f,https://www.autoscout24.it/annunci/59b05a80-5ae8-42e9-9bb4-3d9e7a420d0f,it,Citroen,c3,,Citroen C31.2 PureTech Shine,9490,,False,2020,10-2020,48000,,used,petrol,44,61,1199,,,,manual,,FWD,Berlina,5,5,Grigio,,,,,dealer,Theorema Spa,IT-10141 Torino - To,IT,31,2026-01-28T19:06:46.448874,0.2,6
371fca4e-ac35-40ea-a3c4-cbfd6e8519e9,https://www.autoscout24.it/annunci/371fca4e-ac35-40ea-a3c4-cbfd6e8519e9,it,Mercedes-Benz,a 180,,Mercedes-Benz A 180A 180 d Premium,19900,,False,2021,03-2021,80400,,used,diesel,85,115,1950,,,,manual,,FWD,Berlina,5,5,Grigio,,,,,dealer,,IT-10154 Torino - TO,IT,14,2026-01-28T19:06:46.448882,0.25,5
e23c4104-15f1-47b2-b3ac-e549d5ba5adc,https://www.autoscout24.it/annunci/e23c4104-15f1-47b2-b3ac-e549d5ba5adc,it,Nissan,qashqai,,Nissan QashqaiQashqai II 2014 1.2 dig-t Visia 115cv,8490,,False,2015,03-2015,100000,1,used,petrol,84,115,1200,,,,manual,,,SUV/Fuoristrada/Pick-up,5,5,Nero,,,,,dealer,Vroom Automobiliare Srl,IT-50136 Firenze - FI,IT,31,2026-01-28T19:06:46.448889,0.08,11
ef10af07-aeaa-4cd1-b8ca-4dfe1a327e7a,https://www.autoscout24.it/annunci/ef10af07-aeaa-4cd1-b8ca-4dfe1a327e7a,it,Fiat,panda,,Fiat Panda1.0 hybrid *PREZZO REALE NO VINCOLI,8900,,False,2023,05-2023,46349,1,used,hybrid,51,69,999,,1,,manual,,FWD,City car,5,5,Nero,,,,,dealer,Achille Car srl,IT-20215 Milano,IT,24,2026-01-28T19:06:46.448896,0.19,3
16c4e13d-9e7a-482a-bdce-4722ccf7c423,https://www.autoscout24.it/annunci/16c4e13d-9e7a-482a-bdce-4722ccf7c423,it,Mercedes-Benz,cla 200,,Mercedes-Benz CLA 200CLA 200 Sport,13500,,False,2015,04-2015,131000,,used,petrol,115,156,1595,,126,,automatic,,RWD,Berlina,4,5,Nero,,,,,dealer,,IT-22079 Villa Guardia - Como - CO,IT,15,2026-01-28T19:06:46.448903,0.1,11
a68d5109-da55-4278-a265-ed208704be66,https://www.autoscout24.it/annunci/a68d5109-da55-4278-a265-ed208704be66,it,Fiat,panda,,Fiat PandaPanda Cross 1.0 FireFly S&S Hybrid PROMO FLEX,10490,,False,2024,03-2024,30850,,used,hybrid,51,69,999,,89,,manual,,FWD,Berlina,5,4,Tipo di verniceAltroMaterialeAltro,,,,,dealer,Puntocar di Tarantino Andrea - Bricherasio,IT-10060 Bricherasio - Torino - TO,IT,12,2026-01-28T19:06:46.448909,0.34,2
8fc199b8-be64-4473-a1a5-92fcf329e51f,https://www.autoscout24.it/annunci/8fc199b8-be64-4473-a1a5-92fcf329e51f,it,Peugeot,208,,Peugeot 2081.4 8V HDi 68CV 5p. Active,4500,,False,2012,01-2012,155000,,used,diesel,49,68,1398,,98,,automatic,,FWD,Berlina,5,5,Blu/Azzurro,,,,,dealer,,IT-00169 Roma,IT,10,2026-01-28T19:06:46.448916,0.03,14
ed7bcc41-667f-408c-923a-54e7e2f18249,https://www.autoscout24.it/annunci/ed7bcc41-667f-408c-923a-54e7e2f18249,it,Nissan,micra,,Nissan MicraMicra V 1.0 ig-t Acenta 92cv,9990,,False,2021,08-2021,30000,1,used,petrol,67,92,999,,80,,manual,,FWD,Berlina,5,5,Blu/Azzurro,,,,,dealer,W12 Automotive srl,IT-00156 Roma - RM,IT,20,2026-01-28T19:06:46.448924,0.33,5
c0a96c13-1687-4901-b209-49b2f152e4fc,https://www.autoscout24.it/annunci/c0a96c13-1687-4901-b209-49b2f152e4fc,it,Lancia,ypsilon,,Lancia YpsilonLancia Ypsilon 1.2 69 CV 5 porte Platinum,6900,,False,2014,03-2014,87000,1,used,petrol,50,69,1242,,120,,manual,,FWD,Berlina,5,4,Grigio,,,,,dealer,MS Automobili Srl,IT-10143 Torino - To,IT,19,2026-01-28T19:06:46.448931,0.08,12
70350417-bb59-4560-a1f2-8a21617242a6,https://www.autoscout24.it/annunci/70350417-bb59-4560-a1f2-8a21617242a6,it,Subaru,forester,,Subaru ForesterForester 2.0D XS Trend,8500,,False,2012,03-2012,92700,1,used,diesel,108,146,1998,,158,,manual,,AWD,SUV/Fuoristrada/Pick-up,5,5,Argento,,,,,dealer,Rabino & C. srl,IT-10064 Pinerolo -  Torino,IT,26,2026-01-28T19:06:46.448938,0.09,14
4e00480a-7861-4471-bb8e-377b2bb6a908,https://www.autoscout24.it/annunci/4e00480a-7861-4471-bb8e-377b2bb6a908,it,Peugeot,5008,,Peugeot 5008BlueHDi 130 Allure Pack EAT8 S,23900,,False,2024,04-2024,27940,,used,diesel,96,130,1499,,,,automatic,,FWD,SUV/Fuoristrada/Pick-up,5,7,Nero,,,,,dealer,Stellantis &You Torino,IT-10154 Torino - To,IT,21,2026-01-28T19:06:46.448944,0.86,2
1f5b6ede-10a5-43f6-81da-ba595707de72,https://www.autoscout24.it/annunci/1f5b6ede-10a5-43f6-81da-ba595707de72,it,BMW,x1,,BMW X1sDrive18d Advantage *LED,13900,,False,2016,01-2016,143800,2,used,diesel,110,149,1995,,109,,automatic,,FWD,SUV/Fuoristrada/Pick-up,5,5,Bianco,,,,,dealer,Gruppo Auto srl,IT-20051 Cassina De' Pecchi,IT,15,2026-01-28T19:06:46.448951,0.1,10
6747a0c7-1c14-4bae-8bd7-0e9b38d6cb0e,https://www.autoscout24.it/annunci/6747a0c7-1c14-4bae-8bd7-0e9b38d6cb0e,it,Mazda,cx-7,,Mazda CX-72.2 mzr-cd Sport Tourer,3900,,False,2011,11-2011,195000,,used,diesel,127,172,2184,,,,manual,,AWD,SUV/Fuoristrada/Pick-up,5,5,,,,,,dealer,,IT-25030 Barbariga - Brescia - BS,IT,12,2026-01-28T19:06:46.448958,0.02,15
44fa27f3-15a2-47c3-a918-49174cb03dc7,https://www.autoscout24.it/annunci/44fa27f3-15a2-47c3-a918-49174cb03dc7,it,Seat,leon,,SEAT Leon2.0 TDI 150 CV DSG ST S,8990,,False,2014,03-2014,178100,,used,diesel,110,150,1968,,119,,semiautomatico,,FWD,Station wagon,5,5,Grigio,,,,,dealer,CentroAuto Srl,IT-30173 Mestre - Venezia - VE,IT,37,2026-01-28T19:06:46.448964,0.05,12
292397a2-2c4a-477b-ad71-50dc2ad6842a,https://www.autoscout24.it/annunci/292397a2-2c4a-477b-ad71-50dc2ad6842a,it,Citroen,c3,,Citroen C3C3 1.2 Puretech Graphic - Shine 82cv,8180,,False,2018,06-2018,71000,,used,petrol,60,82,1199,,,,automatic,,FWD,Berlina,5,5,Grigio,,,,,dealer,Motor Uno di 	Fra Uno Srls,IT-16121 Genova - GE,IT,13,2026-01-28T19:06:46.448972,0.12,8
d63ec3de-db22-47fd-8074-dca7e059b7e6,https://www.autoscout24.it/annunci/d63ec3de-db22-47fd-8074-dca7e059b7e6,it,Fiat,tipo,,Fiat TipoTipo 1.6 Mjt S&S 5 porte Lounge,8750,,False,2017,09-2017,110000,,used,diesel,88,119,1598,,98,,manual,,FWD,Berlina,5,5,Bianco,,,,,dealer,Baccanelli Spa,IT-24058 Romano Di Lombardia - Bergamo - Bg,IT,12,2026-01-28T19:06:46.448978,0.08,9
bbec56d4-6408-49fb-8f7d-72edaf5fdf13,https://www.autoscout24.it/annunci/bbec56d4-6408-49fb-8f7d-72edaf5fdf13,it,Ford,fiesta,,Ford FiestaFiesta 1.0 Neopatentati Euro 5,4950,,False,2013,09-2013,149000,,used,petrol,59,80,998,,105,,automatic,,FWD,Berlina,5,5,Bianco,,,,,dealer,AM Solution,IT-20158 Milano - MI,IT,9,2026-01-28T19:06:46.448986,0.03,13
60e2f3d8-d154-4db1-8282-6b1187b439e9,https://www.autoscout24.it/annunci/60e2f3d8-d154-4db1-8282-6b1187b439e9,it,Ford,fiesta,,Ford FiestaFiesta 1.2 Neopatentati Euro 6,6950,,False,2016,09-2016,99000,,used,petrol,44,59,1241,,122,,automatic,,FWD,Berlina,5,5,Blu/Azzurro,,,,,dealer,AM Solution,IT-20158 Milano - MI,IT,14,2026-01-28T19:06:46.448993,0.07,10
0a467c0c-2691-4dee-b84e-2c1c3260d04d,https://www.autoscout24.it/annunci/0a467c0c-2691-4dee-b84e-2c1c3260d04d,it,BMW,520,,BMW 520Serie 5 G31 Touring 520d Touring Msport Auto,15900,,False,2019,03-2019,242000,1,used,diesel,140,190,1995,,,,semiautomatico,,RWD,Station wagon,5,5,Grigio,,,,,dealer,Aerre Motori Novara Di Roberto Andrea,IT-28060 San Pietro Mosezzo - Novara - NO,IT,23,2026-01-28T19:06:46.448999,0.07,7
87348a3d-c9d4-4787-b357-1eff8064e806,https://www.autoscout24.it/annunci/87348a3d-c9d4-4787-b357-1eff8064e806,it,Toyota,yaris,,Toyota YarisYaris 5p 1.0 Trend White Edition - Neo Patentati,7350,,False,2017,03-2017,131039,,used,petrol,51,69,998,,,,manual,,FWD,Berlina,5,5,Bianco,,,,,dealer,Solarino Auto,IT-25081 Bedizzole - Brescia - Bs,IT,15,2026-01-28T19:06:46.449006,0.06,9
a0967cf4-234a-4f56-811a-67a044d8089c,https://www.autoscout24.it/annunci/a0967cf4-234a-4f56-811a-67a044d8089c,it,Alfa Romeo,stelvio,,Alfa Romeo Stelvio2.2 Turbodiesel 160 CV AT8 RWD Business,16450,,False,2019,02-2019,134036,,used,diesel,117,160,2143,,139,,automatic,,RWD,SUV/Fuoristrada/Pick-up,5,5,Blu/Azzurro,,,,,dealer,Treviglio Auto Srl,IT-24045 Fara Gera D'adda - Bergamo - Bg,IT,42,2026-01-28T19:06:46.449020,0.12,7
07badca1-b913-483d-a472-14e100f4c90a,https://www.autoscout24.it/annunci/07badca1-b913-483d-a472-14e100f4c90a,it,Dacia,duster,,Dacia DusterDuster 1.5 Blue dCi 8V 115 CV 4x2 Techroad,8900,,False,2019,10-2019,177967,,used,diesel,84,115,1461,,108,,manual,,FWD,SUV/Fuoristrada/Pick-up,5,5,Blu/Azzurro,,,,,dealer,Diamonds Cars snc,IT-20010 Cornaredo - Mi,IT,11,2026-01-28T19:06:46.449027,0.05,7
c7260ed7-ffde-4e76-9c75-55e95691d58e,https://www.autoscout24.it/annunci/c7260ed7-ffde-4e76-9c75-55e95691d58e,it,Mitsubishi,space star,,Mitsubishi Space StarSpace Star 1.0 cleartec Intense,4400,,False,2014,04-2014,117000,1,used,petrol,52,70,999,,,,automatic,,FWD,City car,5,5,Argento,,,,,dealer,Losacar di Mauro Losapio,IT-20093 Cologno Monzese MI,IT,18,2026-01-28T19:06:46.449040,0.04,12
970e9a51-3dc4-462e-8155-6602ef6ace03,https://www.autoscout24.it/annunci/970e9a51-3dc4-462e-8155-6602ef6ace03,it,Volkswagen,t-cross,,Volkswagen T-Cross1.0 tsi style 95cv,16500,,False,2022,11-2022,30965,,used,petrol,69,95,999,,110,,manual,,FWD,SUV/Fuoristrada/Pick-up,5,5,Grigio,,,,,dealer,Autorigoldi Spa,IT-20151 Milano,IT,22,2026-01-28T19:06:46.449047,0.53,4
eb374501-9821-40ef-9f37-0d701119bfc9,https://www.autoscout24.it/annunci/eb374501-9821-40ef-9f37-0d701119bfc9,it,Citroen,c4,,Citroen C4Neopatentati Benzina tagliandi certificati,5500,,False,2014,04-2014,140000,,used,petrol,70,95,1397,,,,automatic,,"€ 0,-",Berlina,5,5,Tipo di verniceMetallizzato,,,,,dealer,Ad Motors Milano di Alessandro Di Modica,IT-20018 Sedriano MI,IT,15,2026-01-28T19:06:46.449054,0.04,12
1ea49b5e-2943-4b49-9f22-e778a6959eba,https://www.autoscout24.it/annunci/1ea49b5e-2943-4b49-9f22-e778a6959eba,it,Renault,clio,,Renault Clio1.5 dci EURO 6,7900,,False,2016,09-2016,100000,,used,diesel,66,89,1461,,,,automatic,,"€ 0,-",Berlina,5,5,Rosso,,,,,dealer,Suv&City Car,IT-24040 Lallio - Bergamo - BG,IT,12,2026-01-28T19:06:46.449062,0.08,10
b30c5485-c73b-4f02-a036-b9e8f532b00a,https://www.autoscout24.it/annunci/b30c5485-c73b-4f02-a036-b9e8f532b00a,it,Jeep,compass,,Jeep CompassJeep Compass 2.2 CRD Limited 2WD,6500,,False,2014,04-2014,205000,1,used,diesel,100,136,2143,,159,,automatic,,FWD,SUV/Fuoristrada/Pick-up,5,5,Nero,,,,,dealer,MS Automobili Srl,IT-10143 Torino - To,IT,20,2026-01-28T19:06:46.449069,0.03,12
b24bea92-5438-42ee-9b65-94705694066e,https://www.autoscout24.it/annunci/b24bea92-5438-42ee-9b65-94705694066e,it,Peugeot,3008,,Peugeot 30083008 II 2016 1.5 bluehdi Allure! PREZZO REALE,13400,,False,2018,11-2018,100000,,used,diesel,96,130,1499,,,,manual,,FWD,SUV/Fuoristrada/Pick-up,5,5,Bianco,,,,,dealer,Zatti Top Class Srl,IT-42124 Reggio Emilia - RE,IT,23,2026-01-28T19:06:46.449076,0.13,8
dcf1616b-039a-4ff9-be10-1751d831e5c7,https://www.autoscout24.it/annunci/dcf1616b-039a-4ff9-be10-1751d831e5c7,it,Renault,captur,,Renault CapturCaptur 1.0 tce Evolution 90cv,18890,,False,2025,12-2025,10,1,new,petrol,66,90,999,,,,manual,,FWD,SUV/Fuoristrada/Pick-up,5,5,Grigio,,,,,dealer,brumbrum - Reggio Emilia,IT-42122 Reggio Emilia RE,IT,5,2026-01-28T19:06:46.449135,1889.0,1
6032e155-d2d4-40e3-82ff-dd2164ee5dc8,https://www.autoscout24.it/annunci/6032e155-d2d4-40e3-82ff-dd2164ee5dc8,it,Ford,focus,,Ford FocusFocus V 2018 1.5 ecoblue ST-Line Co-pilot s,14900,,False,2020,06-2020,95000,,used,diesel,88,119,1499,,,,automatic,,FWD,Berlina,5,5,Rosso,,,,,dealer,La Auto di Autobruno Service Srl,IT-12100 Cuneo - CN,IT,15,2026-01-28T19:06:46.449145,0.16,6
980ad30c-9207-4805-85c8-c873ccec90f0,https://www.autoscout24.it/annunci/980ad30c-9207-4805-85c8-c873ccec90f0,it,Fiat,stilo,,Fiat StiloFIAT Stilo 1.9 MJT 120 CV 5 porte Dynamic Unicopr,2200,,False,2006,12-2006,200000,1,used,diesel,88,120,1910,,142,,manual,,FWD,Berlina,5,5,Grigio,,,,,dealer,MS Automobili Srl,IT-10143 Torino - To,IT,19,2026-01-28T19:06:46.449152,0.01,20
18e6c13a-b975-40d3-a168-18bf430f9e53,https://www.autoscout24.it/annunci/18e6c13a-b975-40d3-a168-18bf430f9e53,it,Opel,mokka x,,Opel Mokka X1.4 t innovation s&s 4x2 140cv,10500,,False,2017,04-2017,69938,,used,petrol,102,140,1364,,138,,manual,,FWD,SUV/Fuoristrada/Pick-up,5,5,Grigio,,,,,dealer,Autorigoldi Spa,IT-20151 Milano,IT,23,2026-01-28T19:06:46.449159,0.15,9
af397409-848c-4522-b864-ee58f4008d3a,https://www.autoscout24.it/annunci/af397409-848c-4522-b864-ee58f4008d3a,it,Mg,zs,,MG ZS1.5 VTi-tech Comfort,13000,,False,2023,08-2023,28000,1,used,petrol,57,78,1498,,140,,manual,,FWD,SUV/Fuoristrada/Pick-up,5,5,Grigio,,,,,dealer,MotorGest - Lecco,IT-20123 Milano - MI,IT,50,2026-01-28T19:06:46.449165,0.46,3
ddd6ee25-7595-48a9-90f5-97c8029d0db7,https://www.autoscout24.it/annunci/ddd6ee25-7595-48a9-90f5-97c8029d0db7,it,Lancia,ypsilon,,Lancia YpsilonYpsilon II 2003 1.2 8v MomoDesign,3200,,False,2006,09-2006,110000,,used,petrol,32,44,1242,,,,manual,,FWD,Berlina,3,4,Bianco,,,,,dealer,Egi Automobili srls,IT-10135 Torino - TO,IT,12,2026-01-28T19:06:46.449172,0.03,20
1b6a7883-09e1-4ada-86c0-c8b37369cad1,https://www.autoscout24.it/annunci/1b6a7883-09e1-4ada-86c0-c8b37369cad1,it,Mercedes-Benz,b 180,,Mercedes-Benz B 180B 180 cdi be Premium,7990,,False,2013,03-2013,135000,,used,diesel,80,108,1796,,114,,automatic,,"€ 0,-",Monovolume,5,5,,,,,,dealer,,IT-10155 Torino - To,IT,14,2026-01-28T19:06:46.449179,0.06,13
a62d4481-710e-40f6-8036-728d9edb88f7,https://www.autoscout24.it/annunci/a62d4481-710e-40f6-8036-728d9edb88f7,it,Ford,kuga,,Ford Kuga1.5 EcoBoost Business,10990,,False,2019,11-2019,83642,,used,petrol,88,119,1499,,,,automatic,,FWD,SUV/Fuoristrada/Pick-up,5,5,Bianco,,,,,dealer,Theorema Spa,IT-10141 Torino - To,IT,31,2026-01-28T19:06:46.449187,0.13,7
1799629d-1c2c-47e9-b483-641211658890,https://www.autoscout24.it/annunci/1799629d-1c2c-47e9-b483-641211658890,it,Mercedes-Benz,a 180,,Mercedes-Benz A 180Classe A d Sport auto CERCHI IN LEGA,13190,,False,2016,06-2016,152000,2,used,diesel,58,80,1461,,1,,automatic,,FWD,Berlina,5,5,Nero,,,,,dealer,M-M Motors Brescia Est di Lmi Solution Srl,IT-25081 Bedizzole - Brescia - BS,IT,27,2026-01-28T19:06:46.449201,0.09,10
5d11dac5-9585-452b-a1ae-98c6cf04200f,https://www.autoscout24.it/annunci/5d11dac5-9585-452b-a1ae-98c6cf04200f,it,Renault,austral,,Renault Austral1.3 Mild Hybrid 160CV Techno Auto,17521,,False,2023,04-2023,76299,,used,hybrid,117,160,1333,,0,,automatic,,FWD,SUV/Fuoristrada/Pick-up,5,5,Nero,,,,,dealer,Rattix Srl - Ratti Auto,IT-35010 San Giorgio in bosco -  Padova,IT,37,2026-01-28T19:06:46.449215,0.23,3
6233f344-d7af-45e0-9bc7-e18dec0b2b44,https://www.autoscout24.it/annunci/6233f344-d7af-45e0-9bc7-e18dec0b2b44,it,Kia,sportage,,Kia SportageSportage 1.7 CRDI 2WD Class,12900,,False,2017,03-2017,128000,1,used,diesel,85,115,1685,,124,,automatic,,FWD,SUV/Fuoristrada/Pick-up,5,5,Rosso,,,,,dealer,Auto Grifone Srl,IT-41126 Modena,IT,15,2026-01-28T19:06:46.449223,0.1,9
858a1526-b0da-4d58-b966-5202b7c3e2a2,https://www.autoscout24.it/annunci/858a1526-b0da-4d58-b966-5202b7c3e2a2,it,Audi,a3,,Audi A3Sportback 1.6 tdi Attraction 90cv - CINGHIA OK,7990,,False,2011,10-2011,125000,2,used,diesel,66,90,1598,,116,,automatic,,FWD,Berlina,5,5,Bianco,,,,,dealer,Ellep Auto di Pasquale Lamanna,IT-25065 Lumezzane - Brescia - BS,IT,15,2026-01-28T19:06:46.449230,0.06,15
f4c901c7-462f-459d-8041-20d054edc9e5,https://www.autoscout24.it/annunci/f4c901c7-462f-459d-8041-20d054edc9e5,it,Alfa Romeo,stelvio,,Alfa Romeo Stelvio2.2 t Executive Q4 210cv auto,19900,,False,2017,02-2017,85000,,used,diesel,154,210,2143,,147,,automatic,,AWD,SUV/Fuoristrada/Pick-up,5,5,Bianco,,,,,dealer,La Barca Automobili srl,IT-10036 Settimo Torinese - Torino - TO,IT,14,2026-01-28T19:06:46.449244,0.23,9
1d19a25d-6712-4c51-8c5b-b3102f069aa9,https://www.autoscout24.it/annunci/1d19a25d-6712-4c51-8c5b-b3102f069aa9,it,Volkswagen,taigo,,Volkswagen Taigo1.0 tsi life 95cv,16200,,False,2022,06-2022,19406,,used,petrol,69,95,999,,124,,manual,,FWD,SUV/Fuoristrada/Pick-up,5,5,Nero,,,,,dealer,Autorigoldi Spa,IT-20151 Milano,IT,21,2026-01-28T19:06:46.449252,0.83,4
644ce561-7b91-47af-8afc-9b4009173765,https://www.autoscout24.it/annunci/644ce561-7b91-47af-8afc-9b4009173765,it,Peugeot,3008,,Peugeot 30081.5 bluehdi Allure s&s 130cv,12900,,False,2018,11-2018,125000,,used,diesel,95,130,1499,,,,automatic,,FWD,SUV/Fuoristrada/Pick-up,5,5,Grigio,,,,,dealer,Bosecar,IT-27010 Albuzzano - Pavia - PV,IT,15,2026-01-28T19:06:46.449259,0.1,8
6a61a5ab-1647-42de-92f3-f4563b47c4d9,https://www.autoscout24.it/annunci/6a61a5ab-1647-42de-92f3-f4563b47c4d9,it,Renault,twingo,,Renault Twingo1.0 69CV LIMITED LED NEOPATENTATI COME NUOVA,8890,,False,2020,08-2020,29000,,used,petrol,50,69,999,,102,,manual,,RWD,Berlina,5,4,Bianco,,,,,dealer,Gmt Auto Srl,IT-00128 Roma - Rm,IT,15,2026-01-28T19:06:46.449267,0.31,6
b77ea3b7-9dde-42b3-b239-9fe43b63bcb1,https://www.autoscout24.it/annunci/b77ea3b7-9dde-42b3-b239-9fe43b63bcb1,it,Seat,arona,,SEAT AronaArona 1.0 EcoTSI Style,13900,,False,2023,12-2023,23369,,used,petrol,70,95,999,,107,,manual,,FWD,SUV/Fuoristrada/Pick-up,5,5,Bianco,,,,,dealer,Autovalle Srl,IT-25080 Prevalle - Bs,IT,30,2026-01-28T19:06:46.449274,0.59,3
c0544a8b-7d5c-41fc-ab1a-6b6e5a805385,https://www.autoscout24.it/annunci/c0544a8b-7d5c-41fc-ab1a-6b6e5a805385,it,Opel,astra,,Opel AstraAstra Sports Tourer  1.7 cdti130cv,4900,,False,2014,03-2014,168000,,used,diesel,95,130,1686,,,,automatic,,Keine Angabe,Station wagon,5,5,Grigio,,,,,dealer,Suv&City Car,IT-24040 Lallio - Bergamo - BG,IT,11,2026-01-28T19:06:46.449281,0.03,12
c41eeec8-aac8-4a2e-b040-62117256ba04,https://www.autoscout24.it/annunci/c41eeec8-aac8-4a2e-b040-62117256ba04,it,Opel,corsa,,Opel Corsa1.2 100CV GS,12122,,False,2025,04-2025,13492,,used,petrol,73,100,1199,,0,,automatic,,FWD,Berlina,5,5,Nero,,,,,dealer,Rattix Srl - Ratti Auto,IT-35010 San Giorgio in bosco -  Padova,IT,32,2026-01-28T19:06:46.449289,0.9,1
1db7a47d-4825-4723-b124-1da85b722aab,https://www.autoscout24.it/annunci/1db7a47d-4825-4723-b124-1da85b722aab,it,Volkswagen,passat,,Volkswagen Passat1.9,1450,,False,2002,04-2002,269000,,used,diesel,74,100,1896,,,,automatic,,FWD,Station wagon,5,5,Blu/Azzurro,,,,,dealer,Autobengasi Srl,IT-10126 Torino - TO,IT,16,2026-01-28T19:06:46.449296,0.01,24
541ec8ad-799a-495e-9f9b-9de971ec20a7,https://www.autoscout24.it/annunci/541ec8ad-799a-495e-9f9b-9de971ec20a7,it,Hyundai,kona,,Hyundai KONAKona 1.6 CRDI 115 CV,13800,,False,2020,02-2020,68000,1,used,diesel,84,115,1598,,108,,automatic,,FWD,SUV/Fuoristrada/Pick-up,5,5,Tipo di verniceAltroMaterialeAltro,,,,,dealer,Center Auto srls,IT-13030 Caresanablot - Vercelli - VC,IT,12,2026-01-28T19:06:46.449303,0.2,6
570fd0ec-5a42-4a8f-a136-140f11381788,https://www.autoscout24.it/annunci/570fd0ec-5a42-4a8f-a136-140f11381788,it,BMW,320,,BMW 320Serie 3 E91 Touring 320d Touring Eletta,3490,,False,2006,06-2006,199000,2,used,diesel,120,163,1995,,158,,automatic,,RWD,Station wagon,5,5,Grigio,,,,,dealer,,IT-20077 Melegnano - Milano - MI,IT,10,2026-01-28T19:06:46.449310,0.02,20
d836cb20-3c11-414e-a60a-5d3cf0b75d48,https://www.autoscout24.it/annunci/d836cb20-3c11-414e-a60a-5d3cf0b75d48,it,Toyota,prius,,Toyota PriusPrius 1.8 Active,7300,,False,2010,07-2010,134658,2,used,hybrid,73,99,1798,,92,,automatic,,FWD,Berlina,5,5,Argento,,,,,dealer,Privacar Roma Romanina,IT-00173 Roma - RM,IT,15,2026-01-28T19:06:46.449325,0.05,16
14a94bcd-c818-4aa4-aee1-1677f45ead71,https://www.autoscout24.it/annunci/14a94bcd-c818-4aa4-aee1-1677f45ead71,it,Peugeot,5008,,Peugeot 50081.6 BlueHDi Allure,12900,,False,2017,06-2017,167980,1,used,diesel,88,119,1560,,,,automatic,,FWD,SUV/Fuoristrada/Pick-up,5,7,Verde,,,,,dealer,Paciautoquattro spa,IT-05100 Terni -Tr,IT,22,2026-01-28T19:06:46.449332,0.08,9
b4d36b26-de8a-49a6-894d-ff63b0efd134,https://www.autoscout24.it/annunci/b4d36b26-de8a-49a6-894d-ff63b0efd134,it,Volkswagen,taigo,,Volkswagen TaigoTaigo 1.0 tsi Life 95cv,12900,,False,2022,06-2022,75000,1,used,petrol,69,95,999,,120,,manual,,FWD,SUV/Fuoristrada/Pick-up,5,5,Verde,,,,,dealer,Panoramauto Torino srl,IT-10156 Torino - To,IT,17,2026-01-28T19:06:46.449346,0.17,4
c5146b41-af16-43b4-80a2-e43bac9a34e2,https://www.autoscout24.it/annunci/c5146b41-af16-43b4-80a2-e43bac9a34e2,it,Mini,cooper d countryman,,MINI Cooper D CountrymanMini Countryman R60 2.0 Business,8900,,False,2015,03-2015,105627,1,used,diesel,82,111,1995,,,,10/2025,1,FWD,SUV/Fuoristrada/Pick-up,5,5,Bianco,,,,,dealer,Milanocar srl,IT-20090 Opera - Milano - MI,IT,11,2026-01-28T19:06:46.449354,0.08,11
94239972-3f0b-4324-aa5e-447edf38e8a5,https://www.autoscout24.it/annunci/94239972-3f0b-4324-aa5e-447edf38e8a5,it,Audi,a3,,Audi A3Benzina Cabrio Pelle,8300,,False,2010,02-2010,130000,,used,petrol,118,160,1798,,,,manual,,Keine Angabe,Cabrio,,,Tipo di verniceMetallizzatoMaterialePelle totale,,,,,dealer,Ad Motors Milano di Alessandro Di Modica,IT-20018 Sedriano MI,IT,15,2026-01-28T19:06:46.449372,0.06,16
23ae24a2-0b8b-47b4-b02d-5e6d2084b71d,https://www.autoscout24.it/annunci/23ae24a2-0b8b-47b4-b02d-5e6d2084b71d,it,Toyota,corolla,,Toyota CorollaCorolla Touring Sports 1.8 Hybrid Business,14200,,False,2020,06-2020,110000,1,used,hybrid,52,72,1798,,97,,automatic,,FWD,Station wagon,5,5,Argento,,,,,dealer,,IT-50142 Firenze,IT,9,2026-01-28T19:06:46.449379,0.13,6
f675460e-e422-4fc6-890c-56ef87dd9532,https://www.autoscout24.it/annunci/f675460e-e422-4fc6-890c-56ef87dd9532,it,Fiat,bravo,,Fiat BravoBravo 1.6 mjt Dynamic 120cv FL,1900,,False,2011,02-2011,239000,2,used,diesel,88,120,1598,,,,manual,,FWD,Berlina,5,5,Grigio,,,,,dealer,Safety Garage Srls,IT-47924 Rimini - RN,IT,11,2026-01-28T19:06:46.449386,0.01,15
69350ee3-1df5-4482-bf23-b455f69561d4,https://www.autoscout24.it/annunci/69350ee3-1df5-4482-bf23-b455f69561d4,it,Toyota,corolla,,Toyota CorollaCorolla Touring Sports 2.0 Hybrid Style,17900,,False,2023,10-2023,90000,,used,hybrid,135,183,1987,,89,,automatic,,FWD,Station wagon,5,5,Tipo di verniceAltroMaterialeAltro,,,,,dealer,Auto Royal Company Srl,IT-00156 Roma,IT,18,2026-01-28T19:06:46.449394,0.2,3
